<?xml version="1.0"?>
<opencv_storage>
<stage1>
  <maxWeakCount>6</maxWeakCount>
  <stageThreshold>-1.1495074033737183e+00</stageThreshold>
  <weakClassifiers>
    <_>
      <internalNodes>
        0 -1 23122 3.0028816312551498e-02</internalNodes>
      <leafValues>
        5.8872306346893311e-01 -8.9420652389526367e-01</leafValues></_>
    <_>
      <internalNodes>
        0 -1 85394 2.5159930810332298e-03</internalNodes>
      <leafValues>
        -6.2704962491989136e-01 8.6000764369964600e-01</leafValues></_>
    <_>
      <internalNodes>
        0 -1 68325 3.8958503864705563e-03</internalNodes>
      <leafValues>
        -6.4480137825012207e-01 8.5837393999099731e-01</leafValues></_>
    <_>
      <internalNodes>
        0 -1 124810 -2.4397528250119649e-05</internalNodes>
      <leafValues>
        -1. 5.0761777162551880e-01</leafValues></_>
    <_>
      <internalNodes>
        0 -1 62206 -5.5818920955061913e-03</internalNodes>
      <leafValues>
        9.4641822576522827e-01 -4.8865509033203125e-01</leafValues></_>
    <_>
      <internalNodes>
        0 -1 70507 -1.8856808543205261e-02</internalNodes>
      <leafValues>
        9.5543593168258667e-01 -5.0558793544769287e-01</leafValues></_></weakClassifiers></stage1>
</opencv_storage>
